{"cameraMode":{"drawMode":0,"name":"Shaded","section":"Shading Mode"},"sceneLighting":true,"audioPlay":false,"sceneViewState":{"showFog":true,"showMaterialUpdate":true,"showSkybox":true,"showFlares":true,"showImageEffects":true,"showParticleSystems":true},"in2DMode":false,"pivot":{"x":-0.1326768398284912,"y":0.061762452125549319,"z":-0.7863684296607971},"rotation":{"x":-0.014416647143661976,"y":0.8489513397216797,"z":-0.02319030463695526,"w":-0.5277650356292725},"size":3.6073946952819826,"orthographic":false}