{"cameraMode":{"drawMode":0,"name":"Shaded","section":"Shading Mode"},"sceneLighting":true,"audioPlay":false,"sceneViewState":{"showFog":true,"showMaterialUpdate":true,"showSkybox":true,"showFlares":true,"showImageEffects":true,"showParticleSystems":true},"in2DMode":false,"pivot":{"x":-4.9485182762146,"y":0.49358630180358889,"z":-10.727283477783204},"rotation":{"x":-0.001588673796504736,"y":-0.964311957359314,"z":-0.005785780027508736,"w":0.2647008001804352},"size":14.388189315795899,"orthographic":false}