{"cameraMode":{"drawMode":0,"name":"Shaded","section":"Shading Mode"},"sceneLighting":true,"audioPlay":false,"sceneViewState":{"showFog":true,"showMaterialUpdate":true,"showSkybox":true,"showFlares":true,"showImageEffects":true,"showParticleSystems":true},"in2DMode":false,"pivot":{"x":-1.8157925605773926,"y":0.4905364215373993,"z":-2.0210399627685549},"rotation":{"x":-0.0019136095652356744,"y":0.9174292087554932,"z":-0.004412525799125433,"w":-0.39786994457244875},"size":6.307395935058594,"orthographic":false}